{
    "confuse_matrix": [
        [
            79,
            0,
            15,
            87,
            34,
            3,
            44
        ],
        [
            0,
            0,
            23,
            42,
            0,
            0,
            45
        ],
        [
            0,
            0,
            241,
            6,
            7,
            0,
            59
        ],
        [
            6,
            0,
            26,
            560,
            2,
            1,
            127
        ],
        [
            0,
            0,
            162,
            2,
            230,
            0,
            6
        ],
        [
            2,
            0,
            1,
            159,
            0,
            213,
            1
        ],
        [
            4,
            0,
            90,
            252,
            0,
            0,
            194
        ]
    ],
    "accuracy": 0.5571061329416085,
    "precision_score_average_None": [
        0.8681318681318682,
        0.0,
        0.43189964157706096,
        0.5054151624548736,
        0.8424908424908425,
        0.9815668202764977,
        0.40756302521008403
    ],
    "precision_score_average_micro": 0.5571061329416085,
    "precision_score_average_macro": 0.5767239085916039,
    "precision_score_average_weighted": 0.6073060519979191,
    "recall_score_average_None": [
        0.3015267175572519,
        0.0,
        0.7699680511182109,
        0.775623268698061,
        0.575,
        0.5664893617021277,
        0.3592592592592593
    ],
    "recall_score_average_micro": 0.5571061329416085,
    "recall_score_average_macro": 0.47826666547641583,
    "recall_score_average_weighted": 0.5571061329416085,
    "f1_score_average_None": [
        0.44759206798866863,
        0.0,
        0.5533869115958668,
        0.6120218579234973,
        0.6835066864784547,
        0.718381112984823,
        0.38188976377952755
    ],
    "f1_score_average_micro": 0.5571061329416085,
    "f1_score_average_macro": 0.4852540572501197,
    "f1_score_average_weighted": 0.5442869820337578
}