{
    "confuse_matrix": [
        [
            232,
            0,
            20,
            0,
            5,
            2,
            3
        ],
        [
            0,
            109,
            1,
            0,
            0,
            0,
            0
        ],
        [
            15,
            0,
            284,
            0,
            12,
            1,
            1
        ],
        [
            0,
            0,
            0,
            656,
            0,
            10,
            56
        ],
        [
            2,
            0,
            6,
            5,
            369,
            0,
            18
        ],
        [
            1,
            0,
            0,
            16,
            0,
            340,
            19
        ],
        [
            3,
            0,
            2,
            41,
            9,
            6,
            479
        ]
    ],
    "accuracy": 0.906720528828498,
    "precision_score_average_None": [
        0.9169960474308301,
        1.0,
        0.9073482428115016,
        0.9136490250696379,
        0.9341772151898734,
        0.947075208913649,
        0.8315972222222222
    ],
    "precision_score_average_micro": 0.906720528828498,
    "precision_score_average_macro": 0.9215489945196734,
    "precision_score_average_weighted": 0.9080944638834512,
    "recall_score_average_None": [
        0.8854961832061069,
        0.990909090909091,
        0.9073482428115016,
        0.9085872576177285,
        0.9225,
        0.9042553191489362,
        0.8870370370370371
    ],
    "recall_score_average_micro": 0.906720528828498,
    "recall_score_average_macro": 0.9151618758186288,
    "recall_score_average_weighted": 0.906720528828498,
    "f1_score_average_None": [
        0.9009708737864077,
        0.995433789954338,
        0.9073482428115016,
        0.9111111111111111,
        0.9283018867924528,
        0.925170068027211,
        0.8584229390681004
    ],
    "f1_score_average_micro": 0.906720528828498,
    "f1_score_average_macro": 0.9181084159358747,
    "f1_score_average_weighted": 0.9071272109589515
}