{
    "confuse_matrix": [
        [
            231,
            0,
            23,
            0,
            3,
            1,
            4
        ],
        [
            0,
            110,
            0,
            0,
            0,
            0,
            0
        ],
        [
            12,
            0,
            292,
            0,
            7,
            1,
            1
        ],
        [
            0,
            0,
            0,
            668,
            0,
            8,
            46
        ],
        [
            0,
            0,
            4,
            3,
            383,
            0,
            10
        ],
        [
            1,
            0,
            0,
            10,
            0,
            352,
            13
        ],
        [
            2,
            0,
            1,
            36,
            8,
            9,
            484
        ]
    ],
    "accuracy": 0.9254498714652957,
    "precision_score_average_None": [
        0.9390243902439024,
        1.0,
        0.9125,
        0.9316596931659693,
        0.9551122194513716,
        0.9487870619946092,
        0.8673835125448028
    ],
    "precision_score_average_micro": 0.9254498714652957,
    "precision_score_average_macro": 0.9363524110572364,
    "precision_score_average_weighted": 0.9259901243387615,
    "recall_score_average_None": [
        0.8816793893129771,
        1.0,
        0.9329073482428115,
        0.925207756232687,
        0.9575,
        0.9361702127659575,
        0.8962962962962963
    ],
    "recall_score_average_micro": 0.9254498714652957,
    "recall_score_average_macro": 0.9328230004072472,
    "recall_score_average_weighted": 0.9254498714652957,
    "f1_score_average_None": [
        0.9094488188976377,
        1.0,
        0.9225908372827804,
        0.9284225156358583,
        0.9563046192259677,
        0.9424364123159303,
        0.8816029143897995
    ],
    "f1_score_average_micro": 0.9254498714652957,
    "f1_score_average_macro": 0.9344008739639963,
    "f1_score_average_weighted": 0.9255641172976311
}