{
    "confuse_matrix": [
        [
            30,
            45,
            33,
            40,
            31,
            41,
            28
        ],
        [
            16,
            9,
            14,
            14,
            15,
            17,
            11
        ],
        [
            49,
            51,
            47,
            52,
            47,
            48,
            46
        ],
        [
            94,
            111,
            98,
            109,
            102,
            105,
            102
        ],
        [
            40,
            57,
            49,
            62,
            49,
            54,
            51
        ],
        [
            58,
            66,
            68,
            63,
            56,
            56,
            66
        ],
        [
            81,
            72,
            51,
            87,
            84,
            79,
            69
        ]
    ],
    "accuracy": 0.13551230260741828,
    "precision_score_average_None": [
        0.08152173913043478,
        0.021897810218978103,
        0.13055555555555556,
        0.25526932084309134,
        0.12760416666666666,
        0.14,
        0.18498659517426275
    ],
    "precision_score_average_micro": 0.13551230260741828,
    "precision_score_average_macro": 0.13454788394128417,
    "precision_score_average_weighted": 0.16684478439647457,
    "recall_score_average_None": [
        0.12096774193548387,
        0.09375,
        0.13823529411764707,
        0.15117891816920942,
        0.13535911602209943,
        0.12933025404157045,
        0.13193116634799235
    ],
    "recall_score_average_micro": 0.13551230260741828,
    "recall_score_average_macro": 0.12867892723342894,
    "recall_score_average_weighted": 0.13551230260741828,
    "f1_score_average_None": [
        0.09740259740259741,
        0.03550295857988166,
        0.13428571428571426,
        0.18989547038327526,
        0.13136729222520105,
        0.13445378151260506,
        0.15401785714285715
    ],
    "f1_score_average_micro": 0.13551230260741828,
    "f1_score_average_macro": 0.1252750959331617,
    "f1_score_average_weighted": 0.1455970222729314
}