{
    "confuse_matrix": [
        [
            32,
            33,
            36,
            38,
            40,
            41,
            42
        ],
        [
            17,
            18,
            10,
            18,
            11,
            15,
            21
        ],
        [
            35,
            45,
            47,
            49,
            57,
            44,
            36
        ],
        [
            96,
            114,
            96,
            116,
            97,
            112,
            91
        ],
        [
            65,
            62,
            53,
            60,
            52,
            53,
            55
        ],
        [
            56,
            57,
            49,
            55,
            60,
            42,
            57
        ],
        [
            67,
            82,
            69,
            91,
            67,
            93,
            71
        ]
    ],
    "accuracy": 0.13881748071979436,
    "precision_score_average_None": [
        0.08695652173913043,
        0.043795620437956206,
        0.13055555555555556,
        0.2716627634660422,
        0.13541666666666666,
        0.105,
        0.1903485254691689
    ],
    "precision_score_average_micro": 0.13881748071979436,
    "precision_score_average_macro": 0.1376765219049314,
    "precision_score_average_weighted": 0.16931303763320477,
    "recall_score_average_None": [
        0.12213740458015267,
        0.16363636363636364,
        0.1501597444089457,
        0.16066481994459833,
        0.13,
        0.11170212765957446,
        0.13148148148148148
    ],
    "recall_score_average_micro": 0.13881748071979436,
    "recall_score_average_macro": 0.13854027738730232,
    "recall_score_average_weighted": 0.13881748071979436,
    "f1_score_average_None": [
        0.10158730158730159,
        0.0690978886756238,
        0.13967310549777118,
        0.20191470844212359,
        0.1326530612244898,
        0.10824742268041236,
        0.15553121577217965
    ],
    "f1_score_average_micro": 0.13881748071979436,
    "f1_score_average_macro": 0.12981495769712886,
    "f1_score_average_weighted": 0.14743512824855498
}