{
    "confuse_matrix": [
        [
            139,
            0,
            95,
            0,
            22,
            0,
            6
        ],
        [
            0,
            110,
            0,
            0,
            0,
            0,
            0
        ],
        [
            59,
            0,
            240,
            0,
            13,
            1,
            0
        ],
        [
            0,
            0,
            0,
            654,
            3,
            17,
            48
        ],
        [
            15,
            0,
            22,
            4,
            317,
            2,
            40
        ],
        [
            1,
            0,
            0,
            36,
            1,
            287,
            51
        ],
        [
            3,
            0,
            0,
            62,
            21,
            16,
            438
        ]
    ],
    "accuracy": 0.8024237972824091,
    "precision_score_average_None": [
        0.6405529953917051,
        1.0,
        0.6722689075630253,
        0.8650793650793651,
        0.8408488063660478,
        0.8885448916408669,
        0.7512864493996569
    ],
    "precision_score_average_micro": 0.8024237972824091,
    "precision_score_average_macro": 0.808368773634381,
    "precision_score_average_weighted": 0.8038778696020401,
    "recall_score_average_None": [
        0.5305343511450382,
        1.0,
        0.7667731629392971,
        0.9058171745152355,
        0.7925,
        0.7632978723404256,
        0.8111111111111111
    ],
    "recall_score_average_micro": 0.8024237972824091,
    "recall_score_average_macro": 0.795719096007301,
    "recall_score_average_weighted": 0.8024237972824091,
    "f1_score_average_None": [
        0.5803757828810021,
        1.0,
        0.7164179104477612,
        0.884979702300406,
        0.8159588159588159,
        0.8211731044349071,
        0.780053428317008
    ],
    "f1_score_average_micro": 0.8024237972824092,
    "f1_score_average_macro": 0.7998512491914144,
    "f1_score_average_weighted": 0.8011847488388175
}