{
    "confuse_matrix": [
        [
            232,
            0,
            21,
            0,
            4,
            2,
            3
        ],
        [
            0,
            110,
            0,
            0,
            0,
            0,
            0
        ],
        [
            11,
            0,
            292,
            0,
            7,
            1,
            2
        ],
        [
            0,
            0,
            0,
            670,
            1,
            10,
            41
        ],
        [
            0,
            0,
            5,
            3,
            380,
            0,
            12
        ],
        [
            2,
            0,
            0,
            10,
            0,
            350,
            14
        ],
        [
            3,
            0,
            1,
            41,
            7,
            8,
            480
        ]
    ],
    "accuracy": 0.9232464193903782,
    "precision_score_average_None": [
        0.9354838709677419,
        1.0,
        0.9153605015673981,
        0.925414364640884,
        0.9523809523809523,
        0.9433962264150944,
        0.8695652173913043
    ],
    "precision_score_average_micro": 0.9232464193903782,
    "precision_score_average_macro": 0.9345144476233394,
    "precision_score_average_weighted": 0.923609387414845,
    "recall_score_average_None": [
        0.8854961832061069,
        1.0,
        0.9329073482428115,
        0.9279778393351801,
        0.95,
        0.9308510638297872,
        0.8888888888888888
    ],
    "recall_score_average_micro": 0.9232464193903782,
    "recall_score_average_macro": 0.9308744747861107,
    "recall_score_average_weighted": 0.9232464193903782,
    "f1_score_average_None": [
        0.9098039215686274,
        1.0,
        0.9240506329113924,
        0.9266943291839559,
        0.9511889862327909,
        0.9370816599732263,
        0.8791208791208792
    ],
    "f1_score_average_micro": 0.9232464193903782,
    "f1_score_average_macro": 0.9325629155701246,
    "f1_score_average_weighted": 0.9233247721598923
}